X..Loci.Detected,Index,Sample.ID,Sample.Group,Sentrix.Barcode,Sample.Section,Detected.CpG..0.01.,Detected.CpG..0.05.,Signal.Average.GRN,Signal.Average.RED,Signal.P05.GRN,Signal.P05.RED,Signal.P25.GRN,Signal.P25.RED,Signal.P50.GRN,Signal.P50.RED,Signal.P75.GRN,Signal.P75.RED,Signal.P95.GRN,Signal.P95.RED,Sample_Well,Sample_Plate,Pool_ID
99.95369,1,NA10858_1,Default Group,2.04385E+11,R01C01,865382,865517,2746.444,4120.545,164,239,483,1039,1883,2931,4498,6461,7878,11457,Tube,Tube,NA
99.96085,2,4bba7d40c0df4b74,Default Group,2.04385E+11,R02C01,865265,865579,3245.015,4003.908,253,331,720,852,2352,2076,5214,5788,8916,13569,B01,Nair2_Sample_010,NA
99.95207,3,9148e4612a6c5ac1,Default Group,2.04385E+11,R03C01,865271,865503,3610.248,4417.361,293,378,822,961,2666,2314,5793,6408,9779,14834,C01,Nair2_Sample_010,NA
99.91489,4,799c9f6318909736,Default Group,2.04385E+11,R04C01,865037,865181,3538.586,4357.104,244,335,771,906,2634,2232,5691,6305,9621,14861,D01,Nair2_Sample_010,NA
99.91235,5,097b86481a484a4b,Default Group,2.04385E+11,R05C01,864534,865159,3702.557,4561.358,272,366,837,941,2647,2308,5866,6510,10364,15781,E01,Nair2_Sample_010,NA
99.91003,6,62b26ee7a6c28016,Default Group,2.04385E+11,R06C01,863783,865139,3601.345,4596.156,247,346,782,867,2484,2169,5703,6437,10342,16560,F01,Nair2_Sample_010,NA
99.90311,7,2aebbfdabd0baa34,Default Group,2.04385E+11,R07C01,864067,865079,3739.846,4949.668,290,414,842,1003,2724,2415,5963,7043,10299,17337,G01,Nair2_Sample_010,NA
99.92251,8,ae4098e54731929a,Default Group,2.04385E+11,R08C01,864884,865247,3545.818,4545.476,268,359,789,881,2540,2149,5638,6386,9897,16268,H01,Nair2_Sample_010,NA
99.92471,9,90fda037cc32c51b,Default Group,2.04392E+11,R01C01,864894,865266,2816.232,3799.707,161,267,569,707,1889,1816,4501,5316,8225,13693,A02,Nair2_Sample_010,NA
99.95023,10,c5111c710dcd7b9b,Default Group,2.04392E+11,R02C01,865055,865487,3223.743,4176.773,217,330,677,872,2347,2140,5176,5994,8931,14329,B02,Nair2_Sample_010,NA
99.95311,11,567145eff557d2d1,Default Group,2.04392E+11,R03C01,865133,865512,3401.677,4112.649,215,305,704,837,2479,2090,5478,5914,9434,14201,C02,Nair2_Sample_010,NA
99.9299,12,eeb0b16b19fcde29,Default Group,2.04392E+11,R04C01,865105,865311,3750.285,4397.982,244,338,794,936,2799,2296,6040,6333,10231,14964,D02,Nair2_Sample_010,NA
99.89895,13,44a4abb1594383cc,Default Group,2.04392E+11,R05C01,864426,865043,3765.533,4619.7,267,389,810,984,2773,2341,6025,6543,10361,15994,E02,Nair2_Sample_010,NA
99.91904,14,43fd32ff13c55e5c,Default Group,2.04392E+11,R06C01,864737,865217,3550.035,4782.349,259,384,790,1014,2549,2499,5618,6839,9949,16370,F02,Nair2_Sample_010,NA
99.89526,15,e5de7e4c1d7ffad9,Default Group,2.04392E+11,R07C01,863722,865011,3814.669,5177.888,298,449,879,1148,2740,2780,6031,7460,10623,17377,G02,Nair2_Sample_010,NA
99.90253,16,d66f524890a1e3ba,Default Group,2.04392E+11,R08C01,863313,865074,3603.591,5108.438,261,416,782,1012,2499,2465,5730,7147,10269,18215,H02,Nair2_Sample_010,NA
99.92216,17,bf30dba141229e75,Default Group,2.04379E+11,R01C01,864929,865244,2941.165,3858.274,178,283,602,769,2123,1941,4777,5543,8147,13348,A03,Nair2_Sample_010,NA
99.91443,18,606043e01c10f683,Default Group,2.04379E+11,R02C01,864901,865177,3490.958,4169.93,282,370,801,925,2552,2208,5603,5994,9497,14003,B03,Nair2_Sample_010,NA
99.90137,19,17599f3e6e21194f,Default Group,2.04379E+11,R03C01,864490,865064,3913.844,4549.759,334,405,910,1028,2915,2454,6284,6594,10503,15085,C03,Nair2_Sample_010,NA
99.90668,20,f89744d4b0a24b9d,Default Group,2.04379E+11,R04C01,864745,865110,3850.665,4504.314,276,353,854,932,2816,2302,6188,6476,10551,15452,D03,Nair2_Sample_010,NA
99.89341,21,deae212aa5496087,Default Group,2.04379E+11,R05C01,864263,864995,4013.698,4683.684,318,404,916,987,2925,2365,6424,6673,10977,16143,E03,Nair2_Sample_010,NA
99.94168,22,d412428e2a376d3a,Default Group,2.04379E+11,R06C01,865068,865413,3881.822,4747.164,285,369,851,945,2792,2334,6269,6794,10691,16553,F03,Nair2_Sample_010,NA
99.93464,23,22adc9d606e106d0,Default Group,2.04379E+11,R07C01,865076,865352,4172.234,5090.792,329,438,918,1057,3047,2528,6723,7333,11402,17536,G03,Nair2_Sample_010,NA
99.88683,24,27c28320141ad631,Default Group,2.04379E+11,R08C01,864667,864938,3784.472,5134.237,255,372,820,1020,2659,2622,6058,7469,10668,17603,H03,Nair2_Sample_010,NA
99.9381,25,d3e22791c355d928,Default Group,2.04385E+11,R01C01,865165,865382,2757.95,3718.666,146,233,550,751,1950,1996,4455,5489,7808,12442,A04,Nair2_Sample_010,NA
99.95323,26,3fe5f6a7eed957d6,Default Group,2.04385E+11,R02C01,865365,865513,3306.681,4151.328,205,279,672,845,2431,2164,5369,6071,9082,14049,B04,Nair2_Sample_010,NA
99.94746,27,b4c136ba281dd2b7,Default Group,2.04385E+11,R03C01,865322,865463,3511.073,4331.963,204,290,685,915,2717,2330,5765,6453,9340,14302,C04,Nair2_Sample_010,NA
99.91165,28,3a5e2216b674b891,Default Group,2.04385E+11,R04C01,865021,865153,3469.211,4351.874,198,292,664,890,2665,2259,5661,6402,9335,14695,D04,Nair2_Sample_010,NA
99.91235,29,39582128fb977ba0,Default Group,2.04385E+11,R05C01,864875,865159,3444.293,4520.622,194,295,672,902,2613,2317,5630,6638,9302,15381,E04,Nair2_Sample_010,NA
99.90634,30,7981ffe54b851a8a,Default Group,2.04385E+11,R06C01,864786,865107,3479.928,4584.491,201,306,675,897,2696,2256,5703,6677,9272,15881,F04,Nair2_Sample_010,NA
99.91257,31,2bb9c9baab83c7c4,Default Group,2.04385E+11,R07C01,864782,865161,3415.297,4622.699,224,332,707,883,2473,2214,5520,6553,9464,16438,G04,Nair2_Sample_010,NA
99.93799,32,48dc18ca3be557ad,Default Group,2.04385E+11,R08C01,864959,865381,3202.507,4639.724,216,331,663,879,2206,2262,5132,6648,9150,16329,H04,Nair2_Sample_010,NA
99.95081,33,807702508f06e299,Default Group,2.04375E+11,R01C01,864672,865492,2632.686,3740.258,151,259,556,798,1897,2051,4243,5447,7335,12477,A05,Nair2_Sample_010,NA
99.85773,34,e3b1e4197e68be84,Default Group,2.04375E+11,R02C01,861287,864686,2769.846,3808.896,175,259,599,761,1871,1997,4439,5433,7944,13169,B05,Nair2_Sample_010,NA
99.909,35,ee10cbfc4ca84d21,Default Group,2.04375E+11,R03C01,864398,865130,3126.704,3895.323,194,279,676,824,2340,2069,5038,5619,8494,13218,C05,Nair2_Sample_010,NA
99.93891,36,317dab45ebacf6ae,Default Group,2.04375E+11,R04C01,863624,865389,3315.31,4202.359,226,308,725,850,2347,2142,5315,5986,9279,14606,D05,Nair2_Sample_010,NA
99.92459,37,09e2245dec474cbd,Default Group,2.04375E+11,R05C01,862415,865265,3362.3,4286.432,232,314,736,847,2314,2153,5365,6067,9588,15052,E05,Nair2_Sample_010,NA
99.88914,38,82307e0e982360f5,Default Group,2.04375E+11,R06C01,861924,864958,3459.353,4310.404,233,323,763,873,2502,2169,5532,6091,9601,15103,F05,Nair2_Sample_010,NA
99.86246,39,b740c2621275c9e0,Default Group,2.04375E+11,R07C01,862123,864727,3465.791,4354.625,247,329,780,848,2415,2109,5501,6044,9822,15660,G05,Nair2_Sample_010,NA
99.90877,40,5b3c0236482dd7dd,Default Group,2.04375E+11,R08C01,863561,865128,3462.282,4533.981,250,354,782,965,2514,2388,5505,6482,9589,15492,H05,Nair2_Sample_010,NA
99.94872,41,dbe393cd5b35cb9b,Default Group,2.04385E+11,R01C01,865031,865474,2809.643,3696.187,147,237,557,724,1986,1907,4567,5364,7912,12669,A06,Nair2_Sample_010,NA
99.93521,42,8006fd99c479b14d,Default Group,2.04385E+11,R02C01,864674,865357,3331.521,4056.127,260,343,750,843,2398,2045,5368,5774,9147,14017,B06,Nair2_Sample_010,NA
99.95173,43,82f5be4561bce860,Default Group,2.04385E+11,R03C01,865101,865500,3817.362,4392.646,289,375,831,975,3088,2281,6212,6436,9774,14663,C06,Nair2_Sample_010,NA
99.94757,44,2d27b12b85ad815d,Default Group,2.04385E+11,R04C01,864924,865464,3439.514,4354.124,234,324,733,855,2408,2165,5559,6221,9637,15204,D06,Nair2_Sample_010,NA
99.93394,45,cc72f9ceffbf484b,Default Group,2.04385E+11,R05C01,864940,865346,3613.381,4527.346,246,345,777,914,2613,2284,5837,6495,9963,15662,E06,Nair2_Sample_010,NA
99.9366,46,cac8fea061cd74db,Default Group,2.04385E+11,R06C01,864759,865369,3712.509,4689.311,244,344,788,917,2728,2297,6033,6696,10124,16439,F06,Nair2_Sample_010,NA
99.91985,47,d4ea0917bd62318b,Default Group,2.04385E+11,R07C01,863921,865224,3683.175,4973.754,287,413,830,986,2605,2409,5916,6975,10212,17622,G06,Nair2_Sample_010,NA
99.8941,48,1c823851c439df86,Default Group,2.04385E+11,R08C01,864514,865001,3473.445,4860.516,246,376,775,986,2474,2466,5547,6928,9693,16878,H06,Nair2_Sample_010,NA
99.92355,49,NA10859_1,Default Group,2.04392E+11,R01C01,865051,865256,2518.361,4010.369,153,219,403,943,1584,2796,4201,6387,7433,11244,Tube,Tube,NA
99.92944,50,f1ca5e641c42b372,Default Group,2.04392E+11,R02C01,864969,865307,2964.262,3786.027,205,292,623,768,2069,1915,4735,5367,8423,13198,B07,Nair2_Sample_010,NA
99.94965,51,b4ab67c9f3be07e9,Default Group,2.04392E+11,R03C01,865179,865482,3137.769,4082.26,230,314,675,823,2128,2086,4993,5815,9029,14165,C07,Nair2_Sample_010,NA
99.94503,52,4ebfd166d1d9a1bf,Default Group,2.04392E+11,R04C01,864979,865442,3210.345,4132.326,212,298,665,792,2147,2045,5140,5845,9313,14606,D07,Nair2_Sample_010,NA
99.91789,53,7b2de653d6a71f51,Default Group,2.04392E+11,R05C01,864672,865207,3356.33,4359.977,242,352,717,878,2326,2167,5386,6151,9502,15296,E07,Nair2_Sample_010,NA
99.9202,54,5445bb347edaf8af,Default Group,2.04392E+11,R06C01,864788,865227,3335.516,4395.433,223,328,681,833,2263,2101,5364,6179,9587,15730,F07,Nair2_Sample_010,NA
99.94769,55,27df9cb0c8e86655,Default Group,2.04392E+11,R07C01,865150,865465,3462.506,4616.644,243,366,728,923,2428,2295,5568,6564,9752,16138,G07,Nair2_Sample_010,NA
99.92886,56,52fbd22b8130469c,Default Group,2.04392E+11,R08C01,864911,865302,3230.706,4588.327,221,352,671,878,2219,2204,5179,6454,9237,16385,H07,Nair2_Sample_010,NA
99.91974,57,990cfcef4579b25e,Default Group,2.04375E+11,R01C01,864476,865223,2660.581,3824.708,136,230,536,732,1844,1962,4298,5545,7599,13210,A08,Nair2_Sample_010,NA
99.91108,58,5348bc378480477a,Default Group,2.04375E+11,R02C01,864188,865148,2948.215,4231.211,191,305,631,885,2128,2247,4755,6159,8165,14240,B08,Nair2_Sample_010,NA
99.93163,59,558005b5df7b29dd,Default Group,2.04375E+11,R03C01,864080,865326,3002.471,4350.704,210,315,650,845,2032,2174,4806,6187,8605,15234,C08,Nair2_Sample_010,NA
99.91754,60,f46ebd5e7152a144,Default Group,2.04375E+11,R04C01,863951,865204,3290.57,4545.268,241,341,725,888,2217,2269,5254,6471,9436,15905,D08,Nair2_Sample_010,NA
99.8829,61,667fc7f3dfaa4e68,Default Group,2.04375E+11,R05C01,863732,864904,3500.046,4731.502,266,375,810,1032,2496,2589,5562,6894,9740,15710,E08,Nair2_Sample_010,NA
99.87389,62,6325cf22a5f845b4,Default Group,2.04375E+11,R06C01,863983,864826,3396.394,4866.875,254,364,780,1017,2392,2593,5383,7038,9546,16491,F08,Nair2_Sample_010,NA
99.8941,63,d39a59a15d96a5c4,Default Group,2.04375E+11,R07C01,863334,865001,3482.379,4866.304,293,406,805,960,2297,2370,5507,6768,10064,17349,G08,Nair2_Sample_010,NA
99.88925,64,1a03f4dd2c1bccfc,Default Group,2.04375E+11,R08C01,864069,864959,3341.715,4867.848,269,383,760,925,2224,2308,5283,6723,9657,17638,H08,Nair2_Sample_010,NA
99.956,65,06ebc8ca0b23a91c,Default Group,2.04385E+11,R01C01,865199,865537,2802.871,3710.792,148,239,558,686,1882,1819,4491,5255,8187,13186,A09,Nair2_Sample_010,NA
99.94272,66,82810f7232a6c3aa,Default Group,2.04385E+11,R02C01,865009,865422,3118.979,4172.14,183,277,639,795,2128,2085,5007,5949,8973,14646,B09,Nair2_Sample_010,NA
99.91547,67,85da796ac5d5619a,Default Group,2.04385E+11,R03C01,864646,865186,3380.008,4298.552,195,288,682,809,2278,2129,5449,6182,9765,15053,C09,Nair2_Sample_010,NA
99.90207,68,d5f7a4877f0af5ce,Default Group,2.04385E+11,R04C01,864653,865070,3686.172,4508.03,196,296,729,862,2588,2258,5982,6539,10426,15630,D09,Nair2_Sample_010,NA
99.91154,69,625a2cf6f24bd57b,Default Group,2.04385E+11,R05C01,864866,865152,3453.638,4206.139,169,253,663,743,2374,1978,5596,5965,9926,15176,E09,Nair2_Sample_010,NA
99.89757,70,ddc723397bde4933,Default Group,2.04385E+11,R06C01,864455,865031,3786.386,4881.52,218,339,766,960,2775,2436,6180,7041,10389,16921,F09,Nair2_Sample_010,NA
99.93568,71,b617449b25a9e9f9,Default Group,2.04385E+11,R07C01,865112,865361,3609.212,4996.11,218,348,726,941,2507,2423,5831,7134,10265,17660,G09,Nair2_Sample_010,NA
99.92851,72,b73fa2148d068785,Default Group,2.04385E+11,R08C01,865012,865299,3624.368,4866.712,217,349,719,895,2466,2276,5819,6832,10494,17599,H09,Nair2_Sample_010,NA
99.95692,73,cca918938290c6c4,Default Group,2.04375E+11,R01C01,865325,865545,2506.372,3648.903,136,227,486,672,1702,1802,4055,5254,7239,12788,A10,Nair2_Sample_010,NA
99.95762,74,b3d9116f055635c0,Default Group,2.04375E+11,R02C01,865238,865551,2863.26,4043.166,195,307,589,835,2108,2074,4628,5816,7865,13850,B10,Nair2_Sample_010,NA
99.91419,75,022fba0650a3ebfb,Default Group,2.04375E+11,R03C01,864956,865175,3209.724,4134.936,227,317,682,886,2409,2197,5205,6048,8652,13799,C10,Nair2_Sample_010,NA
99.91396,76,711e5da1af21f6e1,Default Group,2.04375E+11,R04C01,864844,865173,3200.274,4090.709,227,313,680,821,2219,2071,5135,5857,9073,14155,D10,Nair2_Sample_010,NA
99.94791,77,01b06ec643764808,Default Group,2.04375E+11,R05C01,865212,865467,3571.053,4324.241,259,351,733,918,2724,2215,5814,6295,9546,14633,E10,Nair2_Sample_010,NA
99.93845,78,e2fb14be2024a655,Default Group,2.04375E+11,R06C01,864340,865385,3217.503,4095.135,235,306,681,742,2045,1925,5136,5741,9510,14777,F10,Nair2_Sample_010,NA
99.9277,79,55af932d58b5a195,Default Group,2.04375E+11,R07C01,864754,865292,3402.348,4297.1,257,348,732,813,2263,2018,5437,5963,9824,15518,G10,Nair2_Sample_010,NA
99.93591,80,8b21836cef488ed1,Default Group,2.04375E+11,R08C01,865120,865363,3646.957,4323.018,236,320,740,828,2634,2079,5916,6160,10112,15270,H10,Nair2_Sample_010,NA
99.91916,81,00b73ff8eeec2e48,Default Group,2.04848E+11,R01C01,864972,865218,2629.873,3837.068,168,286,557,788,1971,1971,4278,5548,7098,13100,A11,Nair2_Sample_010,NA
99.91246,82,5535993a62a3bb42,Default Group,2.04848E+11,R02C01,864526,865160,2973.907,4083.892,236,352,684,874,2146,2111,4772,5811,8151,13975,B11,Nair2_Sample_010,NA
99.86789,83,4d291ae33a0178a3,Default Group,2.04848E+11,R03C01,862648,864774,3192.638,4184.054,262,344,744,821,2076,2069,5045,5862,9278,14788,C11,Nair2_Sample_010,NA
99.90045,84,9e43385c6bb95ec2,Default Group,2.04848E+11,R04C01,864638,865056,3524.258,4376.887,241,336,767,904,2619,2243,5709,6327,9538,14951,D11,Nair2_Sample_010,NA
99.91962,85,78020b9b44014f21,Default Group,2.04848E+11,R05C01,864511,865222,3475.056,4515.186,268,374,786,918,2394,2265,5557,6410,9812,15700,E11,Nair2_Sample_010,NA
99.93487,86,acaf48b93a80e65f,Default Group,2.04848E+11,R06C01,865020,865354,3168.558,4410.488,231,340,700,877,2234,2196,5091,6269,8847,15428,F11,Nair2_Sample_010,NA
99.89491,87,1d7f4c33157febae,Default Group,2.04848E+11,R07C01,864437,865008,3407.828,4511.324,266,390,769,932,2539,2211,5480,6362,9199,15819,G11,Nair2_Sample_010,NA
99.90877,88,88488d2a1cd478ca,Default Group,2.04848E+11,R08C01,864479,865128,3061.646,4193.595,218,327,674,772,2052,1918,4864,5736,8846,15446,H11,Nair2_Sample_010,NA
99.92343,89,a95e8a825fbb7357,Default Group,2.04848E+11,R01C01,864955,865255,2529.916,3566.701,122,216,476,653,1717,1755,4076,5108,7378,12587,A12,Nair2_Sample_010,NA
99.92597,90,0a5fbe30e28530ab,Default Group,2.04848E+11,R02C01,864869,865277,3068.123,3802.876,170,258,601,733,2166,1896,4965,5473,8691,13238,B12,Nair2_Sample_010,NA
99.91547,91,9fd52bd6bfecf1b5,Default Group,2.04848E+11,R03C01,864911,865186,3352.572,4144.374,193,282,678,807,2346,2094,5416,5975,9504,14361,C12,Nair2_Sample_010,NA
99.91431,92,d1294213c72bc0e2,Default Group,2.04848E+11,R04C01,864877,865176,3357.472,4330.983,198,295,683,836,2336,2165,5419,6232,9542,15085,D12,Nair2_Sample_010,NA
99.9187,93,8e1c528abf2c8ba8,Default Group,2.04848E+11,R05C01,864514,865214,3317.912,4375.527,219,315,699,837,2216,2167,5294,6229,9649,15391,E12,Nair2_Sample_010,NA
99.91778,94,aed27797b0521cd5,Default Group,2.04848E+11,R06C01,864851,865206,3383.776,4478.685,211,305,698,844,2292,2209,5436,6411,9744,15750,F12,Nair2_Sample_010,NA
99.92493,95,9c95f8f81ab14f16,Default Group,2.04848E+11,R07C01,864976,865268,3342.448,4630.25,223,326,709,844,2201,2185,5316,6536,9790,16617,G12,Nair2_Sample_010,NA
99.91708,96,91fe0a5ecc89bd29,Default Group,2.04848E+11,R08C01,864947,865200,3337.072,4576.782,209,308,671,825,2259,2142,5354,6444,9665,16566,H12,Nair2_Sample_010,NA
99.95958,97,NA10858_2,Default Group,2.04875E+11,R01C01,865453,865568,2404.865,3947.397,123,185,385,945,1618,2796,3967,6259,7003,11026,Tube,Tube,NA
99.953,98,aee3da10236a3c40,Default Group,2.04875E+11,R02C01,865269,865511,2898.205,4002.162,201,293,600,756,1960,1925,4638,5677,8366,14203,B01,Nair2_Sample_011,NA
99.95219,99,08d42c733119ddcd,Default Group,2.04875E+11,R03C01,865337,865504,3117.992,4277.004,214,306,647,818,2172,2080,5006,6119,8848,15041,C01,Nair2_Sample_011,NA
99.95866,100,ffe057a02d916cfa,Default Group,2.04875E+11,R04C01,865466,865560,3041.792,4429.183,205,306,638,841,2094,2178,4871,6332,8696,15565,D01,Nair2_Sample_011,NA
99.94838,101,154658c2f6cbae0c,Default Group,2.04875E+11,R05C01,865019,865471,3078.893,4385.019,221,328,655,847,2128,2133,4914,6208,8772,15531,E01,Nair2_Sample_011,NA
99.92702,102,2a1ddf792bc29254,Default Group,2.04875E+11,R06C01,864713,865286,3101.474,4427.743,207,308,659,836,2174,2150,4978,6306,8748,15657,F01,Nair2_Sample_011,NA
99.91408,103,65677ed676ef19b1,Default Group,2.04875E+11,R07C01,864715,865174,3145.444,4418.277,224,329,678,818,2111,2075,4997,6164,9110,15973,G01,Nair2_Sample_011,NA
99.94827,104,afad43854216c840,Default Group,2.04875E+11,R08C01,865214,865470,3094.879,4288.564,198,290,625,735,1977,1933,4912,5944,9260,15842,H01,Nair2_Sample_011,NA
99.96085,105,f27228013ff232fb,Default Group,2.04848E+11,R01C01,865174,865579,2774.488,3875.107,165,274,569,770,2001,1962,4487,5563,7727,13405,A02,Nair2_Sample_011,NA
99.93983,106,3ebc21c2e79b8f47,Default Group,2.04848E+11,R02C01,864795,865397,2905.262,3927.965,189,284,624,786,2034,2009,4636,5600,8240,13615,B02,Nair2_Sample_011,NA
99.91189,107,edf75212769c7684,Default Group,2.04848E+11,R03C01,864349,865155,3236.033,4108.251,210,304,696,849,2331,2149,5197,5924,9000,13997,C02,Nair2_Sample_011,NA
99.91142,108,90b631b4d804f6a5,Default Group,2.04848E+11,R04C01,864467,865151,3450.177,4394.617,231,324,746,910,2508,2307,5555,6404,9509,14848,D02,Nair2_Sample_011,NA
99.8933,109,8835a5f99024d837,Default Group,2.04848E+11,R05C01,864092,864994,3550.28,4721.592,258,375,790,1004,2574,2495,5689,6849,9785,15900,E02,Nair2_Sample_011,NA
99.94064,110,f696fdb6ccc0b22a,Default Group,2.04848E+11,R06C01,864837,865404,3239.13,4467.198,225,332,711,842,2227,2142,5151,6244,9251,16047,F02,Nair2_Sample_011,NA
99.92875,111,c9bb320257d72e0a,Default Group,2.04848E+11,R07C01,863862,865301,3443.302,4706.201,267,385,778,917,2361,2252,5465,6558,9796,16854,G02,Nair2_Sample_011,NA
99.87019,112,ce9d6ffcfc923962,Default Group,2.04848E+11,R08C01,863458,864794,2982.122,4263.001,230,330,655,754,1798,1926,4622,5820,9181,15865,H02,Nair2_Sample_011,NA
99.96235,113,d9a0db9ae0d9a6c6,Default Group,2.04848E+11,R01C01,865441,865592,2695.882,3592.75,140,218,527,687,1867,1843,4365,5231,7716,12351,A03,Nair2_Sample_011,NA
99.96247,114,e45cae829aa633e3,Default Group,2.04848E+11,R02C01,865348,865593,3064.965,3797.315,188,266,626,798,2263,2030,4974,5564,8404,12703,B03,Nair2_Sample_011,NA
99.94977,115,a9af25d939da86fa,Default Group,2.04848E+11,R03C01,865190,865483,3306.413,4014.876,204,280,682,846,2455,2156,5364,5895,9026,13398,C03,Nair2_Sample_011,NA
99.91119,116,66beaa705c05a1a2,Default Group,2.04848E+11,R04C01,864757,865149,3351.064,4269.135,215,293,714,890,2410,2309,5395,6289,9312,14218,D03,Nair2_Sample_011,NA
99.91362,117,8f63b967468400c3,Default Group,2.04848E+11,R05C01,864521,865170,3175.126,4412.945,234,322,705,888,2157,2293,5035,6390,9118,15092,E03,Nair2_Sample_011,NA
99.91419,118,aef50d740e3d90eb,Default Group,2.04848E+11,R06C01,864848,865175,3219.121,4510.34,223,328,689,875,2323,2202,5186,6427,8914,15856,F03,Nair2_Sample_011,NA
99.90288,119,bcf8ca57051252c1,Default Group,2.04848E+11,R07C01,864406,865077,3355.541,4661.953,236,361,727,921,2424,2280,5409,6627,9263,16361,G03,Nair2_Sample_011,NA
99.91801,120,b9dc807317a71200,Default Group,2.04848E+11,R08C01,864951,865208,3165.2,4600.632,218,322,681,882,2200,2291,5058,6647,8984,16001,H03,Nair2_Sample_011,NA
99.92725,121,51c6975c9d222c82,Default Group,2.04875E+11,R01C01,864851,865288,2932.732,3765.459,169,265,588,785,2239,1980,4780,5512,7898,12675,A04,Nair2_Sample_011,NA
99.94722,122,b9fa380235183b42,Default Group,2.04875E+11,R02C01,864815,865461,3243.788,4036.286,232,316,710,874,2342,2195,5211,5912,8969,13376,B04,Nair2_Sample_011,NA
99.9448,123,93a2c167cf55f191,Default Group,2.04875E+11,R03C01,864816,865440,3625.228,4285.796,262,332,801,924,2633,2327,5827,6296,9966,14192,C04,Nair2_Sample_011,NA
99.94896,124,3e5f75ff8d57674d,Default Group,2.04875E+11,R04C01,864978,865476,3716.475,4604.712,244,338,762,967,2878,2412,6080,6774,9837,15428,D04,Nair2_Sample_011,NA
99.93626,125,190c92a6d712f36a,Default Group,2.04875E+11,R05C01,865043,865366,3620.011,4629.286,265,363,787,950,2640,2358,5831,6666,9943,15882,E04,Nair2_Sample_011,NA
99.91338,126,41d189512546536c,Default Group,2.04875E+11,R06C01,864036,865168,3396.338,4529.356,241,335,742,871,2360,2211,5445,6409,9581,16023,F04,Nair2_Sample_011,NA
99.90103,127,bc3925e5b66fdae3,Default Group,2.04875E+11,R07C01,863673,865061,3497.25,4789.651,256,366,772,951,2460,2392,5605,6823,9792,16725,G04,Nair2_Sample_011,NA
99.8933,128,78ad3771cf5d6dea,Default Group,2.04875E+11,R08C01,864502,864994,3406.424,4819.51,214,332,708,861,2259,2246,5457,6769,9917,17451,H04,Nair2_Sample_011,NA
99.91257,129,9775722754e24f39,Default Group,2.04875E+11,R01C01,864543,865161,2911.146,4176.606,161,271,583,807,2051,2113,4708,6051,8233,14428,A05,Nair2_Sample_011,NA
99.91708,130,f689a5e7108c2188,Default Group,2.04875E+11,R02C01,864728,865200,3065.787,4257.887,191,298,623,827,2203,2103,4961,6122,8538,14855,B05,Nair2_Sample_011,NA
99.89872,131,0b52cfcab2f8b759,Default Group,2.04875E+11,R03C01,864557,865041,3373.702,4415.08,211,307,691,845,2401,2153,5460,6301,9437,15548,C05,Nair2_Sample_011,NA
99.93925,132,7c7ad74981bb86b0,Default Group,2.04875E+11,R04C01,865179,865392,3533.079,4509.034,215,303,719,887,2553,2295,5723,6562,9812,15499,D05,Nair2_Sample_011,NA
99.93048,133,fe9cfe2fc1614ef8,Default Group,2.04875E+11,R05C01,864543,865316,3846.264,4810.96,255,364,799,991,2811,2472,6227,6999,10588,16378,E05,Nair2_Sample_011,NA
99.93752,134,8f8c30ef4962baed,Default Group,2.04875E+11,R06C01,864743,865377,3562.774,4745.68,233,325,746,900,2442,2342,5714,6828,10192,16634,F05,Nair2_Sample_011,NA
99.89861,135,0d07cb3f90ab7014,Default Group,2.04875E+11,R07C01,864017,865040,3822.128,4979.615,274,394,821,1015,2694,2526,6141,7169,10714,17141,G05,Nair2_Sample_011,NA
99.88775,136,07a92937711e9139,Default Group,2.04875E+11,R08C01,863380,864946,3475.537,4757.023,267,398,756,886,2181,2177,5455,6506,10431,17484,H05,Nair2_Sample_011,NA
99.96016,137,115b5dfe3d5954de,Default Group,2.04843E+11,R01C01,865026,865573,2628.493,3373.088,162,235,529,640,1786,1646,4223,4773,7587,11945,A06,Nair2_Sample_011,NA
99.96605,138,7695a223e8615b2c,Default Group,2.04843E+11,R02C01,865284,865624,2760.923,3479.161,184,252,571,696,1965,1764,4439,4991,7749,12042,B06,Nair2_Sample_011,NA
99.96085,139,c134e2ebfcb3cc5d,Default Group,2.04843E+11,R03C01,865127,865579,2951.607,3731.19,210,283,628,764,2114,1917,4750,5373,8202,12795,C06,Nair2_Sample_011,NA
99.95485,140,9508c6a08774f887,Default Group,2.04843E+11,R04C01,865121,865527,3035.569,4112.45,207,300,627,785,2123,1980,4903,5833,8554,14571,D06,Nair2_Sample_011,NA
99.95196,141,a61eaee7a7473d4b,Default Group,2.04843E+11,R05C01,865117,865502,3333.199,4171.489,225,312,691,809,2367,2025,5383,5930,9321,14712,E06,Nair2_Sample_011,NA
99.92332,142,2e01ceb84698a45c,Default Group,2.04843E+11,R06C01,864921,865254,3284.484,4076.8,209,286,674,784,2322,2004,5312,5833,9209,14307,F06,Nair2_Sample_011,NA
99.90519,143,NA10859_2,Default Group,2.04843E+11,R07C01,864747,865097,3162.726,5273.246,220,318,548,1248,2021,3675,5248,8398,9220,14726,Tube,Tube,NA
99.90276,144,93304856b954db5f,Default Group,2.04843E+11,R08C01,864790,865076,3198.979,4438.81,216,335,664,845,2179,2130,5125,6279,9188,15788,H06,Nair2_Sample_011,NA
99.94549,145,8af764b5081deedc,Default Group,2.04848E+11,R01C01,865085,865446,2842.053,4135.26,138,254,541,787,2009,2086,4621,6003,8053,14316,A07,Nair2_Sample_011,NA
99.91454,146,eca9158f5f28bf27,Default Group,2.04848E+11,R02C01,864698,865178,3277.429,4370.597,194,299,663,851,2339,2197,5323,6299,9146,15137,B07,Nair2_Sample_011,NA
99.93822,147,56ebfe7797048a61,Default Group,2.04848E+11,R03C01,864758,865383,3613.99,4538.874,206,306,735,895,2565,2330,5854,6582,10135,15590,C07,Nair2_Sample_011,NA
99.9016,148,2a9ad027ffb344ae,Default Group,2.04848E+11,R04C01,864561,865066,3618.847,4578.273,198,306,725,885,2582,2304,5899,6637,10092,15801,D07,Nair2_Sample_011,NA
99.87424,149,5788c6980eb75caa,Default Group,2.04848E+11,R05C01,863653,864829,3464.909,4885.566,211,333,713,916,2283,2429,5564,7023,10110,17124,E07,Nair2_Sample_011,NA
99.90322,150,638b3dcf4d467d94,Default Group,2.04848E+11,R06C01,864305,865080,3535.485,4671.284,202,321,693,930,2520,2379,5662,6627,10043,16372,F07,Nair2_Sample_011,NA
99.89872,151,da99ca7c50852089,Default Group,2.04848E+11,R07C01,864359,865041,3636.262,5030.784,237,382,758,945,2591,2358,5879,7058,10142,18077,G07,Nair2_Sample_011,NA
99.9023,152,abc38c1dcc739cd1,Default Group,2.04848E+11,R08C01,864672,865072,3544.422,5005.047,222,377,730,936,2547,2322,5720,6965,9892,18155,H07,Nair2_Sample_011,NA
99.95519,153,e767550290c513c2,Default Group,2.04875E+11,R01C01,865353,865530,2795.272,3676.114,140,230,531,691,2054,1787,4563,5290,7740,12928,A08,Nair2_Sample_011,NA
99.9605,154,b8183f6b2e672ac1,Default Group,2.04875E+11,R02C01,865215,865576,2891.732,3809.868,202,289,606,723,2002,1804,4654,5320,8199,13691,B08,Nair2_Sample_011,NA
99.92124,155,bbb598e6ac174c1d,Default Group,2.04875E+11,R03C01,864545,865236,3112.094,3948.56,235,305,682,779,2157,1950,4978,5591,8801,13882,C08,Nair2_Sample_011,NA
99.89687,156,bdb070d570193491,Default Group,2.04875E+11,R04C01,863824,865025,2969.205,3923.266,223,301,637,713,1817,1829,4648,5427,9042,14336,D08,Nair2_Sample_011,NA
99.95011,157,4d60e97d87529bc0,Default Group,2.04875E+11,R05C01,865173,865486,3205.171,4049.065,234,325,681,779,2189,1921,5139,5668,9151,14502,E08,Nair2_Sample_011,NA
99.95081,158,3216ea39e7f91587,Default Group,2.04875E+11,R06C01,864507,865492,3345.637,4025.441,232,310,696,775,2355,1916,5382,5680,9422,14356,F08,Nair2_Sample_011,NA
99.90923,159,d62128ff02ed0dc2,Default Group,2.04875E+11,R07C01,864648,865132,3294.681,4344.646,234,337,711,850,2221,2139,5252,6147,9489,15310,G08,Nair2_Sample_011,NA
99.91985,160,aa2235b835d85173,Default Group,2.04875E+11,R08C01,864639,865224,3124.625,4115.686,197,291,644,772,2109,1983,4982,5836,9077,14636,H08,Nair2_Sample_011,NA
99.93429,161,bb3d7b309cb5fc58,Default Group,2.04843E+11,R01C01,865054,865349,2949.819,3636.334,167,243,582,693,2075,1807,4749,5235,8392,12705,A09,Nair2_Sample_011,NA
99.92932,162,8338411dc3e181e9,Default Group,2.04843E+11,R02C01,865121,865306,3176.086,3977.395,197,272,639,779,2294,2003,5130,5763,8863,13751,B09,Nair2_Sample_011,NA
99.94769,163,54d7528cf40ac6d9,Default Group,2.04843E+11,R03C01,865071,865465,3024.149,3888.515,193,273,612,681,1923,1777,4765,5344,9124,14392,C09,Nair2_Sample_011,NA
99.92886,164,fc2cd75f5da927b7,Default Group,2.04843E+11,R04C01,864964,865302,3399.564,4236.957,222,305,690,787,2386,1995,5472,5970,9621,15212,D09,Nair2_Sample_011,NA
99.94607,165,6d1c197e00baee76,Default Group,2.04843E+11,R05C01,865176,865451,3249.968,4303.477,231,310,684,820,2179,2131,5179,6173,9421,15089,E09,Nair2_Sample_011,NA
99.95207,166,77783e7f7a60ed10,Default Group,2.04843E+11,R06C01,865290,865503,3359.366,4414.282,237,316,712,848,2289,2198,5371,6341,9621,15428,F09,Nair2_Sample_011,NA
99.94907,167,ed74e5233638d6c1,Default Group,2.04843E+11,R07C01,865144,865477,3461.631,4346.024,258,334,735,805,2330,2014,5538,6022,9960,15833,G09,Nair2_Sample_011,NA
99.94965,168,6018a6f1e1818be0,Default Group,2.04843E+11,R08C01,865064,865482,3336.846,4155.405,250,327,709,746,2165,1849,5295,5620,9831,15532,H09,Nair2_Sample_011,NA
99.95069,169,c87f214d2bd110db,Default Group,2.04848E+11,R01C01,865051,865491,2861.6,3836.962,166,248,563,663,1814,1779,4541,5362,8635,14027,A10,Nair2_Sample_011,NA
99.95924,170,3a38b68167d708ae,Default Group,2.04848E+11,R02C01,865335,865565,3076.664,4065.986,193,274,624,754,2121,1958,4937,5763,8814,14501,B10,Nair2_Sample_011,NA
99.95045,171,24cff5b4a1cc33c8,Default Group,2.04848E+11,R03C01,865254,865489,3364.55,4377.935,199,291,664,848,2469,2177,5459,6330,9294,15227,C10,Nair2_Sample_011,NA
99.94942,172,4b13681886881a98,Default Group,2.04848E+11,R04C01,865179,865480,3249.864,4341.18,197,288,656,788,2240,2058,5225,6135,9310,15604,D10,Nair2_Sample_011,NA
99.89272,173,17221ac3da4a04bd,Default Group,2.04848E+11,R05C01,864522,864989,3227.323,4540.997,224,339,681,863,2120,2210,5117,6417,9477,16142,E10,Nair2_Sample_011,NA
99.90184,174,f2149bfb7577e8b0,Default Group,2.04848E+11,R06C01,864592,865068,3118.709,4589.057,215,329,657,865,2092,2226,4963,6501,9051,16321,F10,Nair2_Sample_011,NA
99.92032,175,29d302490b495a18,Default Group,2.04848E+11,R07C01,864656,865228,3258.49,4546.853,264,397,715,864,2154,2056,5163,6154,9476,16796,G10,Nair2_Sample_011,NA
99.93383,176,41d248a6ec3b87e2,Default Group,2.04848E+11,R08C01,865023,865345,2990.543,4203.249,222,341,632,763,1975,1839,4723,5613,8790,15885,H10,Nair2_Sample_011,NA
99.93741,177,b2d338fdda620b83,Default Group,2.04843E+11,R01C01,865062,865376,2931.8,3456.806,148,222,552,632,2129,1633,4796,4990,8149,12226,A11,Nair2_Sample_011,NA
99.92713,178,a0eb14f5a8395a63,Default Group,2.04843E+11,R02C01,865064,865287,3016.419,3741.948,196,276,621,706,2163,1759,4860,5268,8428,13422,B11,Nair2_Sample_011,NA
99.91997,179,13969fce852b59a2,Default Group,2.04843E+11,R03C01,864953,865225,3242.763,4116.504,211,296,687,817,2315,2076,5197,5919,9096,14265,C11,Nair2_Sample_011,NA
99.92089,180,a7e1ca56bfd75e11,Default Group,2.04843E+11,R04C01,864724,865233,3108.253,4141.497,188,278,644,764,2079,2007,4937,5864,9094,14792,D11,Nair2_Sample_011,NA
99.91535,181,920357c92f17557a,Default Group,2.04843E+11,R05C01,864740,865185,3276.846,4353.653,206,313,686,831,2276,2115,5245,6156,9341,15459,E11,Nair2_Sample_011,NA
99.93302,182,67108397ce68c889,Default Group,2.04843E+11,R06C01,864937,865338,3329.085,4601.251,210,330,715,882,2394,2226,5344,6570,9275,16216,F11,Nair2_Sample_011,NA
99.91212,183,82273c549c1d8057,Default Group,2.04843E+11,R07C01,864753,865157,3260.73,4570.254,216,338,682,885,2324,2232,5229,6529,9160,16092,G11,Nair2_Sample_011,NA
99.92979,184,5af2bcf73b8d9711,Default Group,2.04843E+11,R08C01,864999,865310,3188.642,4125.152,188,278,641,737,2160,1918,5077,5822,9298,14931,H11,Nair2_Sample_011,NA
99.96639,185,c3813c448a8c010e,Default Group,2.04848E+11,R01C01,865461,865627,2730.071,3569.835,167,238,563,663,1937,1709,4403,5024,7672,12791,A12,Nair2_Sample_011,NA
99.92147,186,ced2a6edd40e94fc,Default Group,2.04848E+11,R02C01,865073,865238,3244.931,3838.697,203,259,678,709,2374,1813,5274,5437,8895,13720,B12,Nair2_Sample_011,NA
99.93037,187,98dda79769e72a6e,Default Group,2.04848E+11,R03C01,864949,865315,3161.238,4018.909,206,267,678,738,2138,1946,5052,5704,9100,14311,C12,Nair2_Sample_011,NA
99.92574,188,142b04fbd0b7b371,Default Group,2.04848E+11,R04C01,864904,865275,3411.544,4199.779,209,280,711,771,2429,1993,5519,5935,9530,15042,D12,Nair2_Sample_011,NA
99.96397,189,d769d0c1d8947e78,Default Group,2.04848E+11,R05C01,865443,865606,3303.559,3922.858,200,256,683,670,2292,1737,5315,5404,9404,14595,E12,Nair2_Sample_011,NA
99.9515,190,561e4c6a66f8b1e7,Default Group,2.04848E+11,R06C01,865319,865498,3463.23,4311.876,233,303,733,754,2400,1918,5595,5970,9777,15899,F12,Nair2_Sample_011,NA
99.92205,191,6d3c948c3d33ebfd,Default Group,2.04848E+11,R07C01,864829,865243,3266.404,4361.936,225,301,702,771,2173,1997,5201,6068,9490,15988,G12,Nair2_Sample_011,NA
99.90715,192,26a41c6fb1b411b7,Default Group,2.04848E+11,R08C01,864844,865114,3193.701,4355.308,231,326,692,773,2141,1931,5084,5892,9229,16317,H12,Nair2_Sample_011,NA
